,energy,loudness,speechiness,valence,liveness,tempo,danceability,acousticness,duration_ms,instrumentalness,popularity
Principal Component 1,-0.5077460435278285,-0.5168092852526539,-0.10023761844330202,-0.29544297649491236,-0.08468691155927674,-0.18855041575573167,-0.24707906135213112,0.4380187256797083,0.014296156731799193,0.28449043427048853,-0.03157846232124729
Principal Component 2,0.2645147966186392,0.07755491073461011,-0.0885016622713466,-0.48571629683805556,0.14533916333498728,0.2402437430679818,-0.4833913588994574,-0.315664159851115,0.4038997511704395,0.32312949517874917,-0.02377008932378035
Principal Component 3,-0.043419942804847726,0.043534021334540006,-0.6181450048783337,0.05473828311268576,-0.6872476316011183,0.06927846612680778,0.20496957389321255,-0.17234080057119347,0.16990328164859836,0.13096078830238983,0.12759085742186427
Principal Component 4,0.06867650971219673,-0.0759418754617221,0.1613057283766212,0.16125524506483582,-0.11621211098840524,-0.06302119134989674,0.22025857175128435,-0.07981366371721613,0.1536500202807875,0.3446420482618345,-0.8501447651366519
Principal Component 5,0.029742063699412343,0.010182207994602184,0.14673198901850557,-0.05245369991779282,0.11275356271760294,-0.6752110338731353,0.3076628572135173,-0.09118455313527701,0.5704761139324781,0.06390926358212105,0.271308517932897
Principal Component 6,-0.06000273967835033,-0.16197521591752312,0.5883213626636663,-0.005447157573488296,-0.2502636885026817,0.5009087682698237,0.2956191360304114,0.032942434097778056,0.1492745781617115,0.29369397025855803,0.33683166426524674
