,energy,loudness,speechiness,valence,liveness,tempo,danceability,acousticness,duration_ms,instrumentalness,popularity
Principal Component 1,-0.5577729781020418,-0.499982567216954,-0.028725597566752258,-0.3983508449580501,-0.08127208330074347,-0.08270492352053369,-0.19575466079117607,0.44203278893599657,0.0752088612660808,0.15532533106352697,-0.049575405660934144
Principal Component 2,0.19515972522781325,0.10154590681020882,-0.2740414791274532,-0.266380127609903,0.12694700685912852,0.3475822030278608,-0.6113998801399582,-0.22131503302118155,0.45657867810035824,0.14154109159566577,-0.13163186619048559
Principal Component 3,-0.02647953943371556,0.03315366174283144,0.49832356277870593,-0.2472722317859033,0.4457365041015117,0.48984142950124937,-0.14047153374810947,0.059290297284869196,-0.3908214427352806,-0.11393408383333575,0.24725313955703154
Principal Component 4,-0.025234702993916298,-0.17403521282589432,0.5571564220355804,0.06619382722123313,-0.19893683223129188,0.2822718675085948,0.22094934965036753,-0.1843728021128629,0.24554177728670865,0.15920726031563676,-0.6054478683409201
Principal Component 5,0.07063782317364659,-0.1197810213835032,0.07211045921978712,0.03778592971328861,0.47338094942235986,-0.2519871770337853,0.1660731960751934,-0.15957827871114186,0.07717062459774335,0.773053130913347,0.17273119975320453
Principal Component 6,0.010793272072309967,0.022153953273823922,0.13533488590518256,0.0042632888987138755,-0.6363517161584195,0.29728754957763287,0.017708036777966014,-0.06029727752748007,0.0990070049421451,0.3130475939974283,0.6131762287356904
